,sales,negative_reviews,avg_review_score,negative_review_rate
sales,1.0,0.9377596183908494,-0.0005129256426111012,0.00045209767507527155
negative_reviews,0.9377596183908494,1.0,-0.2052907414108214,0.22895084301490579
avg_review_score,-0.0005129256426111012,-0.2052907414108214,1.0,-0.8947271749141464
negative_review_rate,0.00045209767507527155,0.22895084301490579,-0.8947271749141464,1.0
